
{
    "region" : "sa-east-1",
    "profile" : "GedaiAPI",
    "configuration" : "Release",
    "framework"     : "net6.0",
    "function-name" : "GedaiAPI",
    "function-description" : "",
    "package-type"         : "Zip",
    "function-handler"     : "Gedai.API",
    "function-memory-size" : 1024,
    "function-role"        : "arn:aws:iam::325236809586:role/lambda_exec_GedaiAPI-0",
    "function-timeout"     : 60,
    "function-runtime"     : "dotnet6",
    "function-architecture" : "x86_64",
    "function-subnets"      : "",
    "function-security-groups" : "",
    "tracing-mode"             : "PassThrough",
    "environment-variables"    : "",
    "image-tag"                : ""
}