
{
    "region" : "us-east-1",
    "profile" : "Tellus",
    "configuration" : "Release",
    "framework"     : "net6.0",
    "function-name" : "TellusSistema",
    "function-description" : "",
    "package-type"         : "Zip",
    "function-handler"     : "Tellus.API",
    "function-memory-size" : 2048,
    "function-role"        : "arn:aws:iam::402571034786:role/service-role/TellusSistema-role-7dr04te4",
    "function-timeout"     : 900,
    "function-runtime"     : "dotnet6",
    "function-architecture" : "x86_64",
    "function-subnets"      : "",
    "function-security-groups" : "",
    "tracing-mode"             : "PassThrough",
    "environment-variables"    : "",
    "image-tag"                : ""
}